Workbook

Sheet Sheet1
A1: Student_ID | B1: Name | C1: Last Name | D1: Dept | E1: Mark | F1: Attendance (%) | G1: Gender_Age
A2: S1000 | B2: Ravi | C2: Kumar | D2: Arts | E2: 76 | F2: 82 | G2: M22
A3: S1001 | B3: Mohan | C3: Raj | D3: arts | E3: 71 | G3: M34
A4: S1002 | B4: deepthiKha | C4: Rani | D4: Arts | E4: 39 | F4: 65 | G4: F21
A5: S1003 | B5: Manohar | C5: Babu | D5: Commerce | E5: 72 | F5: 93 | G5: M25
A6: S1004 | B6: Priyanka | C6: Devi | D6: Science | E6: 60 | F6: 73 | G6: F23
A7: S1005 | B7: Vinoth | C7: Muthu | D7: Commerce | E7: 84 | F7: 62 | G7: M26
A8: S1006 | B8: Shanthi | C8: Lakshmi | D8: Arts | E8: 60 | F8: 86 | G8: F29
A9: S1007 | B9: manimegalai | C9: Selvi | D9: Commerce | E9: 98 | F9: 96 | G9: F28
A10: S1008 | B10: Karthi | C10: Velu | D10: Commerce | E10: 44 | F10: 95 | G10: M22
A11: S1009 | B11: Mari | C11: Gopi | D11: Science | E11: 94 | F11: 66 | G11: M23
A12: S1010 | B12: Mahesh | C12: Sekar | D12: arts | F12: 65 | G12: M24
A13: S1011 | B13: sangeetha | C13: Raji | D13: Science | E13: 51 | F13: 61 | G13: F22
A14: S1012 | B14: Raghul | C14: Arul | D14: Arts | E14: 73 | F14: 91 | G14: M25
A15: S1013 | B15: Jothi | C15: Radha | D15: Commerce | E15: 60 | G15: F26
A16: S1014 | B16: Anisha | C16: Meena | D16: Commerce | E16: 41 | F16: 88 | G16: F27
A17: S1015 | B17: Venkat | C17: Hari | D17: Commerce | E17: 35 | F17: 90 | G17: M22
A18: S1016 | B18: Chandru | C18: Raja | D18: Science | E18: 55 | F18: 96 | G18: M24
A19: S1017 | B19: Dinesh | C19: Kumar | D19: Arts | E19: 74 | F19: 71 | G19: M23
A20: S1018 | B20: Poorvika | C20: Devi | D20: Science | F20: 62 | G20: F21
A21: S1019 | B21: Vimal | C21: Arasu | D21: Commerce | E21: 53 | F21: 100 | G21: M25
A22: S1016 | B22: Chandru | C22: Raja | D22: Science | E22: 55 | F22: 96 | G22: M24
A23: S1020 | B23: Parthiban | C23: Bala | D23: Science | E23: 80 | F23: 67 | G23: M26
A24: S1021 | B24: Santhosh | C24: Gokul | D24: Arts | E24: 62 | F24: 83 | G24: M23
A25: S1022 | B25: Keerthika | C25: divya | D25: Arts | E25: 98 | F25: 92 | G25: F24
A26: S1023 | B26: Reeta | C26: Yamuna | D26: Arts | E26: 41 | F26: 62 | G26: F28
A27: S1024 | B27: Lalitha | C27: Nila | D27: Science | E27: 37 | F27: 73 | G27: F25
A28: S1025 | B28: Sridhar | C28: Ramu | D28: Commerce | E28: 76 | F28: 80 | G28: M27
A29: S1016 | B29: Chandru | C29: Raja | D29: Science | E29: 55 | F29: 96 | G29: M24
A30: S1026 | B30: Kavitha | C30: Banu | D30: Commerce | E30: 71 | F30: 84 | G30: F26
A31: S1027 | B31: Murugesan | C31: Kani | D31: Commerce | F31: 65 | G31: M23
A32: S1028 | B32: Gandhi | C32: Selvam | D32: Arts | E32: 54 | F32: 99 | G32: M28
A33: S1029 | B33: Sridhar | C33: Ramu | D33: Commerce | E33: 76 | F33: 80 | G33: M27
A34: S1030 | B34: Varshini | C34: Devi | D34: Science | E34: 90 | F34: 66 | G34: F22
A35: S1031 | B35: Indhumathi | C35: Nithya | D35: Arts | E35: 80 | F35: 91 | G35: F29
A36: S1032 | B36: Janani | C36: Uma | D36: Science | E36: 57 | F36: 72 | G36: F23
A37: S1033 | B37: Bharath | C37: Guru | D37: Science | E37: 92 | F37: 87 | G37: M25
A38: S1034 | B38: Akash | C38: Vignesh | D38: Arts | E38: 52 | F38: 84 | G38: M22
A39: S1035 | B39: Murugesan | C39: kani | D39: Commerce | E39: 53 | F39: 65 | G39: M23
A40: S1036 | B40: Nirmal | C40: Prakash | D40: Commerce | E40: 97 | F40: 88 | G40: M24

Sheet Data cleaning
A1: Student_ID | B1: Name | C1: Last Name | D1: Dept | E1: Mark | F1: Attendance (%) | G1: Gender_Age | I1: Mark Avg | J1: Attendance impute | K1: Gender | L1: Age
A2: S1000 | B2: Ravi | C2: Kumar | D2: Arts | E2: 76 | F2: 82 | G2: M22 | I2: =IF(ISBLANK(E2),AVERAGE($E$2:$E$40),E2) -> 76 | J2: =IF(ISBLANK(F2),AVERAGE($F$2:$F$40),F2) -> 82 | K2: =LEFT(G2,1) -> M | L2: =RIGHT(G2,2) -> 22
A3: S1001 | B3: Mohan | C3: Raj | D3: arts | E3: 71 | G3: M34 | I3: =IF(ISBLANK(E3),AVERAGE($E$2:$E$40),E3) -> 71 | J3: =IF(ISBLANK(F3),AVERAGE($F$2:$F$40),F3) -> 80.324324 | K3: =LEFT(G3,1) -> M | L3: =RIGHT(G3,2) -> 34
A4: S1002 | B4: deepthiKha | C4: Rani | D4: Arts | E4: 39 | F4: 65 | G4: F21 | I4: =IF(ISBLANK(E4),AVERAGE($E$2:$E$40),E4) -> 39 | J4: =IF(ISBLANK(F4),AVERAGE($F$2:$F$40),F4) -> 65 | K4: =LEFT(G4,1) -> F | L4: =RIGHT(G4,2) -> 21
A5: S1003 | B5: Manohar | C5: Babu | D5: Commerce | E5: 72 | F5: 93 | G5: M25 | I5: =IF(ISBLANK(E5),AVERAGE($E$2:$E$40),E5) -> 72 | J5: =IF(ISBLANK(F5),AVERAGE($F$2:$F$40),F5) -> 93 | K5: =LEFT(G5,1) -> M | L5: =RIGHT(G5,2) -> 25
A6: S1004 | B6: Priyanka | C6: Devi | D6: Science | E6: 60 | F6: 73 | G6: F23 | I6: =IF(ISBLANK(E6),AVERAGE($E$2:$E$40),E6) -> 60 | J6: =IF(ISBLANK(F6),AVERAGE($F$2:$F$40),F6) -> 73 | K6: =LEFT(G6,1) -> F | L6: =RIGHT(G6,2) -> 23
A7: S1005 | B7: Vinoth | C7: Muthu | D7: Commerce | E7: 84 | F7: 62 | G7: M26 | I7: =IF(ISBLANK(E7),AVERAGE($E$2:$E$40),E7) -> 84 | J7: =IF(ISBLANK(F7),AVERAGE($F$2:$F$40),F7) -> 62 | K7: =LEFT(G7,1) -> M | L7: =RIGHT(G7,2) -> 26
A8: S1006 | B8: Shanthi | C8: Lakshmi | D8: Arts | E8: 60 | F8: 86 | G8: F29 | I8: =IF(ISBLANK(E8),AVERAGE($E$2:$E$40),E8) -> 60 | J8: =IF(ISBLANK(F8),AVERAGE($F$2:$F$40),F8) -> 86 | K8: =LEFT(G8,1) -> F | L8: =RIGHT(G8,2) -> 29
A9: S1007 | B9: manimegalai | C9: Selvi | D9: Commerce | E9: 98 | F9: 96 | G9: F28 | I9: =IF(ISBLANK(E9),AVERAGE($E$2:$E$40),E9) -> 98 | J9: =IF(ISBLANK(F9),AVERAGE($F$2:$F$40),F9) -> 96 | K9: =LEFT(G9,1) -> F | L9: =RIGHT(G9,2) -> 28
A10: S1008 | B10: Karthi | C10: Velu | D10: Commerce | E10: 44 | F10: 95 | G10: M22 | I10: =IF(ISBLANK(E10),AVERAGE($E$2:$E$40),E10) -> 44 | J10: =IF(ISBLANK(F10),AVERAGE($F$2:$F$40),F10) -> 95 | K10: =LEFT(G10,1) -> M | L10: =RIGHT(G10,2) -> 22
A11: S1009 | B11: Mari | C11: Gopi | D11: Science | E11: 94 | F11: 66 | G11: M23 | I11: =IF(ISBLANK(E11),AVERAGE($E$2:$E$40),E11) -> 94 | J11: =IF(ISBLANK(F11),AVERAGE($F$2:$F$40),F11) -> 66 | K11: =LEFT(G11,1) -> M | L11: =RIGHT(G11,2) -> 23
A12: S1010 | B12: Mahesh | C12: Sekar | D12: arts | F12: 65 | G12: M24 | I12: =IF(ISBLANK(E12),AVERAGE($E$2:$E$40),E12) -> 65.722222 | J12: =IF(ISBLANK(F12),AVERAGE($F$2:$F$40),F12) -> 65 | K12: =LEFT(G12,1) -> M | L12: =RIGHT(G12,2) -> 24
A13: S1011 | B13: sangeetha | C13: Raji | D13: Science | E13: 51 | F13: 61 | G13: F22 | I13: =IF(ISBLANK(E13),AVERAGE($E$2:$E$40),E13) -> 51 | J13: =IF(ISBLANK(F13),AVERAGE($F$2:$F$40),F13) -> 61 | K13: =LEFT(G13,1) -> F | L13: =RIGHT(G13,2) -> 22
A14: S1012 | B14: Raghul | C14: Arul | D14: Arts | E14: 73 | F14: 91 | G14: M25 | I14: =IF(ISBLANK(E14),AVERAGE($E$2:$E$40),E14) -> 73 | J14: =IF(ISBLANK(F14),AVERAGE($F$2:$F$40),F14) -> 91 | K14: =LEFT(G14,1) -> M | L14: =RIGHT(G14,2) -> 25
A15: S1013 | B15: Jothi | C15: Radha | D15: Commerce | E15: 60 | G15: F26 | I15: =IF(ISBLANK(E15),AVERAGE($E$2:$E$40),E15) -> 60 | J15: =IF(ISBLANK(F15),AVERAGE($F$2:$F$40),F15) -> 80.324324 | K15: =LEFT(G15,1) -> F | L15: =RIGHT(G15,2) -> 26
A16: S1014 | B16: Anisha | C16: Meena | D16: Commerce | E16: 41 | F16: 88 | G16: F27 | I16: =IF(ISBLANK(E16),AVERAGE($E$2:$E$40),E16) -> 41 | J16: =IF(ISBLANK(F16),AVERAGE($F$2:$F$40),F16) -> 88 | K16: =LEFT(G16,1) -> F | L16: =RIGHT(G16,2) -> 27
A17: S1015 | B17: Venkat | C17: Hari | D17: Commerce | E17: 35 | F17: 90 | G17: M22 | I17: =IF(ISBLANK(E17),AVERAGE($E$2:$E$40),E17) -> 35 | J17: =IF(ISBLANK(F17),AVERAGE($F$2:$F$40),F17) -> 90 | K17: =LEFT(G17,1) -> M | L17: =RIGHT(G17,2) -> 22
A18: S1016 | B18: Chandru | C18: Raja | D18: Science | E18: 55 | F18: 96 | G18: M24 | I18: =IF(ISBLANK(E18),AVERAGE($E$2:$E$40),E18) -> 55 | J18: =IF(ISBLANK(F18),AVERAGE($F$2:$F$40),F18) -> 96 | K18: =LEFT(G18,1) -> M | L18: =RIGHT(G18,2) -> 24
A19: S1017 | B19: Dinesh | C19: Kumar | D19: Arts | E19: 74 | F19: 71 | G19: M23 | I19: =IF(ISBLANK(E19),AVERAGE($E$2:$E$40),E19) -> 74 | J19: =IF(ISBLANK(F19),AVERAGE($F$2:$F$40),F19) -> 71 | K19: =LEFT(G19,1) -> M | L19: =RIGHT(G19,2) -> 23
A20: S1018 | B20: Poorvika | C20: Devi | D20: Science | F20: 62 | G20: F21 | I20: =IF(ISBLANK(E20),AVERAGE($E$2:$E$40),E20) -> 65.722222 | J20: =IF(ISBLANK(F20),AVERAGE($F$2:$F$40),F20) -> 62 | K20: =LEFT(G20,1) -> F | L20: =RIGHT(G20,2) -> 21
A21: S1019 | B21: Vimal | C21: Arasu | D21: Commerce | E21: 53 | F21: 100 | G21: M25 | I21: =IF(ISBLANK(E21),AVERAGE($E$2:$E$40),E21) -> 53 | J21: =IF(ISBLANK(F21),AVERAGE($F$2:$F$40),F21) -> 100 | K21: =LEFT(G21,1) -> M | L21: =RIGHT(G21,2) -> 25
A22: S1016 | B22: Chandru | C22: Raja | D22: Science | E22: 55 | F22: 96 | G22: M24 | I22: =IF(ISBLANK(E22),AVERAGE($E$2:$E$40),E22) -> 55 | J22: =IF(ISBLANK(F22),AVERAGE($F$2:$F$40),F22) -> 96 | K22: =LEFT(G22,1) -> M | L22: =RIGHT(G22,2) -> 24
A23: S1020 | B23: Parthiban | C23: Bala | D23: Science | E23: 80 | F23: 67 | G23: M26 | I23: =IF(ISBLANK(E23),AVERAGE($E$2:$E$40),E23) -> 80 | J23: =IF(ISBLANK(F23),AVERAGE($F$2:$F$40),F23) -> 67 | K23: =LEFT(G23,1) -> M | L23: =RIGHT(G23,2) -> 26
A24: S1021 | B24: Santhosh | C24: Gokul | D24: Arts | E24: 62 | F24: 83 | G24: M23 | I24: =IF(ISBLANK(E24),AVERAGE($E$2:$E$40),E24) -> 62 | J24: =IF(ISBLANK(F24),AVERAGE($F$2:$F$40),F24) -> 83 | K24: =LEFT(G24,1) -> M | L24: =RIGHT(G24,2) -> 23
A25: S1022 | B25: Keerthika | C25: divya | D25: Arts | E25: 98 | F25: 92 | G25: F24 | I25: =IF(ISBLANK(E25),AVERAGE($E$2:$E$40),E25) -> 98 | J25: =IF(ISBLANK(F25),AVERAGE($F$2:$F$40),F25) -> 92 | K25: =LEFT(G25,1) -> F | L25: =RIGHT(G25,2) -> 24
A26: S1023 | B26: Reeta | C26: Yamuna | D26: Arts | E26: 41 | F26: 62 | G26: F28 | I26: =IF(ISBLANK(E26),AVERAGE($E$2:$E$40),E26) -> 41 | J26: =IF(ISBLANK(F26),AVERAGE($F$2:$F$40),F26) -> 62 | K26: =LEFT(G26,1) -> F | L26: =RIGHT(G26,2) -> 28
A27: S1024 | B27: Lalitha | C27: Nila | D27: Science | E27: 37 | F27: 73 | G27: F25 | I27: =IF(ISBLANK(E27),AVERAGE($E$2:$E$40),E27) -> 37 | J27: =IF(ISBLANK(F27),AVERAGE($F$2:$F$40),F27) -> 73 | K27: =LEFT(G27,1) -> F | L27: =RIGHT(G27,2) -> 25
A28: S1025 | B28: Sridhar | C28: Ramu | D28: Commerce | E28: 76 | F28: 80 | G28: M27 | I28: =IF(ISBLANK(E28),AVERAGE($E$2:$E$40),E28) -> 76 | J28: =IF(ISBLANK(F28),AVERAGE($F$2:$F$40),F28) -> 80 | K28: =LEFT(G28,1) -> M | L28: =RIGHT(G28,2) -> 27
A29: S1016 | B29: Chandru | C29: Raja | D29: Science | E29: 55 | F29: 96 | G29: M24 | I29: =IF(ISBLANK(E29),AVERAGE($E$2:$E$40),E29) -> 55 | J29: =IF(ISBLANK(F29),AVERAGE($F$2:$F$40),F29) -> 96 | K29: =LEFT(G29,1) -> M | L29: =RIGHT(G29,2) -> 24
A30: S1026 | B30: Kavitha | C30: Banu | D30: Commerce | E30: 71 | F30: 84 | G30: F26 | I30: =IF(ISBLANK(E30),AVERAGE($E$2:$E$40),E30) -> 71 | J30: =IF(ISBLANK(F30),AVERAGE($F$2:$F$40),F30) -> 84 | K30: =LEFT(G30,1) -> F | L30: =RIGHT(G30,2) -> 26
A31: S1027 | B31: Murugesan | C31: Kani | D31: Commerce | F31: 65 | G31: M23 | I31: =IF(ISBLANK(E31),AVERAGE($E$2:$E$40),E31) -> 65.722222 | J31: =IF(ISBLANK(F31),AVERAGE($F$2:$F$40),F31) -> 65 | K31: =LEFT(G31,1) -> M | L31: =RIGHT(G31,2) -> 23
A32: S1028 | B32: Gandhi | C32: Selvam | D32: Arts | E32: 54 | F32: 99 | G32: M28 | I32: =IF(ISBLANK(E32),AVERAGE($E$2:$E$40),E32) -> 54 | J32: =IF(ISBLANK(F32),AVERAGE($F$2:$F$40),F32) -> 99 | K32: =LEFT(G32,1) -> M | L32: =RIGHT(G32,2) -> 28
A33: S1029 | B33: Sridhar | C33: Ramu | D33: Commerce | E33: 76 | F33: 80 | G33: M27 | I33: =IF(ISBLANK(E33),AVERAGE($E$2:$E$40),E33) -> 76 | J33: =IF(ISBLANK(F33),AVERAGE($F$2:$F$40),F33) -> 80 | K33: =LEFT(G33,1) -> M | L33: =RIGHT(G33,2) -> 27
A34: S1030 | B34: Varshini | C34: Devi | D34: Science | E34: 90 | F34: 66 | G34: F22 | I34: =IF(ISBLANK(E34),AVERAGE($E$2:$E$40),E34) -> 90 | J34: =IF(ISBLANK(F34),AVERAGE($F$2:$F$40),F34) -> 66 | K34: =LEFT(G34,1) -> F | L34: =RIGHT(G34,2) -> 22
A35: S1031 | B35: Indhumathi | C35: Nithya | D35: Arts | E35: 80 | F35: 91 | G35: F29 | I35: =IF(ISBLANK(E35),AVERAGE($E$2:$E$40),E35) -> 80 | J35: =IF(ISBLANK(F35),AVERAGE($F$2:$F$40),F35) -> 91 | K35: =LEFT(G35,1) -> F | L35: =RIGHT(G35,2) -> 29
A36: S1032 | B36: Janani | C36: Uma | D36: Science | E36: 57 | F36: 72 | G36: F23 | I36: =IF(ISBLANK(E36),AVERAGE($E$2:$E$40),E36) -> 57 | J36: =IF(ISBLANK(F36),AVERAGE($F$2:$F$40),F36) -> 72 | K36: =LEFT(G36,1) -> F | L36: =RIGHT(G36,2) -> 23
A37: S1033 | B37: Bharath | C37: Guru | D37: Science | E37: 92 | F37: 87 | G37: M25 | I37: =IF(ISBLANK(E37),AVERAGE($E$2:$E$40),E37) -> 92 | J37: =IF(ISBLANK(F37),AVERAGE($F$2:$F$40),F37) -> 87 | K37: =LEFT(G37,1) -> M | L37: =RIGHT(G37,2) -> 25
A38: S1034 | B38: Akash | C38: Vignesh | D38: Arts | E38: 52 | F38: 84 | G38: M22 | I38: =IF(ISBLANK(E38),AVERAGE($E$2:$E$40),E38) -> 52 | J38: =IF(ISBLANK(F38),AVERAGE($F$2:$F$40),F38) -> 84 | K38: =LEFT(G38,1) -> M | L38: =RIGHT(G38,2) -> 22
A39: S1035 | B39: Murugesan | C39: kani | D39: Commerce | E39: 53 | F39: 65 | G39: M23 | I39: =IF(ISBLANK(E39),AVERAGE($E$2:$E$40),E39) -> 53 | J39: =IF(ISBLANK(F39),AVERAGE($F$2:$F$40),F39) -> 65 | K39: =LEFT(G39,1) -> M | L39: =RIGHT(G39,2) -> 23
A40: S1036 | B40: Nirmal | C40: Prakash | D40: Commerce | E40: 97 | F40: 88 | G40: M24 | I40: =IF(ISBLANK(E40),AVERAGE($E$2:$E$40),E40) -> 97 | J40: =IF(ISBLANK(F40),AVERAGE($F$2:$F$40),F40) -> 88 | K40: =LEFT(G40,1) -> M | L40: =RIGHT(G40,2) -> 24

Sheet Data cleaned
A1: Student_ID | B1: Last Name | C1: Dept | D1: Mark Avg | E1: Attendance impute | F1: Gender | G1: Age
A2: S1000 | B2: Kumar | C2: Arts | D2: 76 | E2: 82 | F2: M | G2: 22
A3: S1001 | B3: Raj | C3: arts | D3: 71 | E3: 80.324324 | F3: M | G3: 34
A4: S1002 | B4: Rani | C4: Arts | D4: 39 | E4: 65 | F4: F | G4: 21
A5: S1003 | B5: Babu | C5: Commerce | D5: 72 | E5: 93 | F5: M | G5: 25
A6: S1004 | B6: Devi | C6: Science | D6: 60 | E6: 73 | F6: F | G6: 23
A7: S1005 | B7: Muthu | C7: Commerce | D7: 84 | E7: 62 | F7: M | G7: 26
A8: S1006 | B8: Lakshmi | C8: Arts | D8: 60 | E8: 86 | F8: F | G8: 29
A9: S1007 | B9: Selvi | C9: Commerce | D9: 98 | E9: 96 | F9: F | G9: 28
A10: S1008 | B10: Velu | C10: Commerce | D10: 44 | E10: 95 | F10: M | G10: 22
A11: S1009 | B11: Gopi | C11: Science | D11: 94 | E11: 66 | F11: M | G11: 23
A12: S1010 | B12: Sekar | C12: arts | D12: 65.722222 | E12: 65 | F12: M | G12: 24
A13: S1011 | B13: Raji | C13: Science | D13: 51 | E13: 61 | F13: F | G13: 22
... A40: S1036 | B40: Prakash | C40: Commerce | D40: 97 | E40: 88 | F40: M | G40: 24

Sheet VLOOKUP
A1: Student_ID | B1: Last Name | C1: Dept | D1: Mark Avg | E1: Attendance | F1: Gender | G1: Age
A2: S1000 | B2: =VLOOKUP($A2,'Data cleaned'!$A$2:$G$40,2,FALSE) -> Kumar | C2: =VLOOKUP($A2,'Data cleaned'!$A$2:G40,3,FALSE) -> Arts | D2: =VLOOKUP($A2,'Data cleaned'!$A$2:$G$40,4,FALSE) -> 76 | E2: =VLOOKUP($A2,'Data cleaned'!$A$2:$G$40,5,FALSE) -> 82 | F2: =VLOOKUP($A2,'Data cleaned'!$A$2:$G$40,6,FALSE) -> M | G2: =VLOOKUP(A2,'Data cleaned'!$A$2:$G$40,7,FALSE) -> 22
A3: S1001 | B3: =VLOOKUP($A3,'Data cleaned'!$A$2:$G$40,2,FALSE) -> Raj | C3: =VLOOKUP($A3,'Data cleaned'!$A$2:G41,3,FALSE) -> arts | D3: =VLOOKUP($A3,'Data cleaned'!$A$2:$G$40,4,FALSE) -> 71 | E3: =VLOOKUP($A3,'Data cleaned'!$A$2:$G$40,5,FALSE) -> 80.324324 | F3: =VLOOKUP($A3,'Data cleaned'!$A$2:$G$40,6,FALSE) -> M | G3: =VLOOKUP(A3,'Data cleaned'!$A$2:$G$40,7,FALSE) -> 34
A4: S1002 | B4: =VLOOKUP($A4,'Data cleaned'!$A$2:$G$40,2,FALSE) -> Rani | C4: =VLOOKUP($A4,'Data cleaned'!$A$2:G42,3,FALSE) -> Arts | D4: =VLOOKUP($A4,'Data cleaned'!$A$2:$G$40,4,FALSE) -> 39 | E4: =VLOOKUP($A4,'Data cleaned'!$A$2:$G$40,5,FALSE) -> 65 | F4: =VLOOKUP($A4,'Data cleaned'!$A$2:$G$40,6,FALSE) -> F | G4: =VLOOKUP(A4,'Data cleaned'!$A$2:$G$40,7,FALSE) -> 21
A5: S1003 | B5: =VLOOKUP($A5,'Data cleaned'!$A$2:$G$40,2,FALSE) -> Babu | C5: =VLOOKUP($A5,'Data cleaned'!$A$2:G43,3,FALSE) -> Commerce | D5: =VLOOKUP($A5,'Data cleaned'!$A$2:$G$40,4,FALSE) -> 72 | E5: =VLOOKUP($A5,'Data cleaned'!$A$2:$G$40,5,FALSE) -> 93 | F5: =VLOOKUP($A5,'Data cleaned'!$A$2:$G$40,6,FALSE) -> M | G5: =VLOOKUP(A5,'Data cleaned'!$A$2:$G$40,7,FALSE) -> 25
A6: S1004 | B6: =VLOOKUP($A6,'Data cleaned'!$A$2:$G$40,2,FALSE) -> Devi | C6: =VLOOKUP($A6,'Data cleaned'!$A$2:G44,3,FALSE) -> Science | D6: =VLOOKUP($A6,'Data cleaned'!$A$2:$G$40,4,FALSE) -> 60 | E6: =VLOOKUP($A6,'Data cleaned'!$A$2:$G$40,5,FALSE) -> 73 | F6: =VLOOKUP($A6,'Data cleaned'!$A$2:$G$40,6,FALSE) -> F | G6: =VLOOKUP(A6,'Data cleaned'!$A$2:$G$40,7,FALSE) -> 23
A7: S1005 | B7: =VLOOKUP($A7,'Data cleaned'!$A$2:$G$40,2,FALSE) -> Muthu | C7: =VLOOKUP($A7,'Data cleaned'!$A$2:G45,3,FALSE) -> Commerce | D7: =VLOOKUP($A7,'Data cleaned'!$A$2:$G$40,4,FALSE) -> 84 | E7: =VLOOKUP($A7,'Data cleaned'!$A$2:$G$40,5,FALSE) -> 62 | F7: =VLOOKUP($A7,'Data cleaned'!$A$2:$G$40,6,FALSE) -> M | G7: =VLOOKUP(A7,'Data cleaned'!$A$2:$G$40,7,FALSE) -> 26
A8: S1006 | B8: =VLOOKUP($A8,'Data cleaned'!$A$2:$G$40,2,FALSE) -> Lakshmi | C8: =VLOOKUP($A8,'Data cleaned'!$A$2:G46,3,FALSE) -> Arts | D8: =VLOOKUP($A8,'Data cleaned'!$A$2:$G$40,4,FALSE) -> 60 | E8: =VLOOKUP($A8,'Data cleaned'!$A$2:$G$40,5,FALSE) -> 86 | F8: =VLOOKUP($A8,'Data cleaned'!$A$2:$G$40,6,FALSE) -> F | G8: =VLOOKUP(A8,'Data cleaned'!$A$2:$G$40,7,FALSE) -> 29
A9: S1007 | B9: =VLOOKUP($A9,'Data cleaned'!$A$2:$G$40,2,FALSE) -> Selvi | C9: =VLOOKUP($A9,'Data cleaned'!$A$2:G47,3,FALSE) -> Commerce | D9: =VLOOKUP($A9,'Data cleaned'!$A$2:$G$40,4,FALSE) -> 98 | E9: =VLOOKUP($A9,'Data cleaned'!$A$2:$G$40,5,FALSE) -> 96 | F9: =VLOOKUP($A9,'Data cleaned'!$A$2:$G$40,6,FALSE) -> F | G9: =VLOOKUP(A9,'Data cleaned'!$A$2:$G$40,7,FALSE) -> 28
A10: S1008 | B10: =VLOOKUP($A10,'Data cleaned'!$A$2:$G$40,2,FALSE) -> Velu | C10: =VLOOKUP($A10,'Data cleaned'!$A$2:G48,3,FALSE) -> Commerce | D10: =VLOOKUP($A10,'Data cleaned'!$A$2:$G$40,4,FALSE) -> 44 | E10: =VLOOKUP($A10,'Data cleaned'!$A$2:$G$40,5,FALSE) -> 95 | F10: =VLOOKUP($A10,'Data cleaned'!$A$2:$G$40,6,FALSE) -> M | G10: =VLOOKUP(A10,'Data cleaned'!$A$2:$G$40,7,FALSE) -> 22
A11: S1009 | B11: =VLOOKUP($A11,'Data cleaned'!$A$2:$G$40,2,FALSE) -> Gopi | C11: =VLOOKUP($A11,'Data cleaned'!$A$2:G49,3,FALSE) -> Science | D11: =VLOOKUP($A11,'Data cleaned'!$A$2:$G$40,4,FALSE) -> 94 | E11: =VLOOKUP($A11,'Data cleaned'!$A$2:$G$40,5,FALSE) -> 66 | F11: =VLOOKUP($A11,'Data cleaned'!$A$2:$G$40,6,FALSE) -> M | G11: =VLOOKUP(A11,'Data cleaned'!$A$2:$G$40,7,FALSE) -> 23
A12: S1010 | B12: =VLOOKUP($A12,'Data cleaned'!$A$2:$G$40,2,FALSE) -> Sekar | C12: =VLOOKUP($A12,'Data cleaned'!$A$2:G50,3,FALSE) -> arts | D12: =VLOOKUP($A12,'Data cleaned'!$A$2:$G$40,4,FALSE) -> 65.722222 | E12: =VLOOKUP($A12,'Data cleaned'!$A$2:$G$40,5,FALSE) -> 65 | F12: =VLOOKUP($A12,'Data cleaned'!$A$2:$G$40,6,FALSE) -> M | G12: =VLOOKUP(A12,'Data cleaned'!$A$2:$G$40,7,FALSE) -> 24
A13: S1011 | B13: =VLOOKUP($A13,'Data cleaned'!$A$2:$G$40,2,FALSE) -> Raji | C13: =VLOOKUP($A13,'Data cleaned'!$A$2:G51,3,FALSE) -> Science | D13: =VLOOKUP($A13,'Data cleaned'!$A$2:$G$40,4,FALSE) -> 51 | E13: =VLOOKUP($A13,'Data cleaned'!$A$2:$G$40,5,FALSE) -> 61 | F13: =VLOOKUP($A13,'Data cleaned'!$A$2:$G$40,6,FALSE) -> F | G13: =VLOOKUP(A13,'Data cleaned'!$A$2:$G$40,7,FALSE) -> 22
... A40: S1036 | B40: =VLOOKUP($A40,'Data cleaned'!$A$2:$G$40,2,FALSE) -> Prakash | C40: =VLOOKUP($A40,'Data cleaned'!$A$2:G78,3,FALSE) -> Commerce | D40: =VLOOKUP($A40,'Data cleaned'!$A$2:$G$40,4,FALSE) -> 97 | E40: =VLOOKUP($A40,'Data cleaned'!$A$2:$G$40,5,FALSE) -> 88 | F40: =VLOOKUP($A40,'Data cleaned'!$A$2:$G$40,6,FALSE) -> M | G40: =VLOOKUP(A40,'Data cleaned'!$A$2:$G$40,7,FALSE) -> 24
